business_name,business_type,segment,cuisine_or_stock,address,city,postcode,website,phone,email,notes,verified,source_url,priority
Owino Supermarket,shop,East African (confirmed),"Royco Mchuzi Mix; Kisubi Tea (Uganda); Tropical Heat tea masala; matooke; nsenene; millet, maize and cassava flours; Ugandan, Kenyan and Rwandan lines","195 London Road, Mitcham",London (Merton),CR4 2JD,owinosupermarket.com,+44 (0)20 8687 0370,owinosupermarket@gmail.com,Family-owned since 1998; fresh matooke suggests a direct Uganda supply chain; WhatsApp ordering; local delivery + UK courier,verified,https://owinosupermarket.com/,A
4Way Foods,shop,East African (confirmed),Royco Mchuzi Mix range; ugali/maize meal; dedicated 'Kenyan online supermarket' and 'Royco seasonings UK' pages,,UK-wide (online),,4wayfoods.com,,info@4wayfoods.com,UK-wide online supermarket; 48-72h delivery,verified,https://4wayfoods.com/royco-heart-east-african-seasonings-uk/,A
Afrolink,shop,East African (confirmed),Royco Mchuzi Mix (all flavours); Akabanga chilli oil; ugali flour; sukuma wiki; curry powders; matooke,,Sunderland (online),,afrolink.co.uk,,hello@afrolink.co.uk,Online; Kenyan/Ugandan/East African focus,verified,https://www.afrolink.co.uk/product-page/akabanga-chilli-oil-product-of-rwanda,A
Jamikuja Fresh Foods,shop,East African (confirmed),"Ugandan fresh produce: nakati, bbuga, avocado, papaya",,London,,jamikujafreshfoods.com,,,Appears to source fresh produce directly from Uganda; free delivery over £60,verified,https://jamikujafreshfoods.com/,A
East African Foods,shop,East African (confirmed),'Groceries and snacks from Kenya' collection; East African and Indian groceries (site blocked automated reading - confirm range),,UK (online),,eastafricanfoods.co.uk,,,Online,verified-search,https://eastafricanfoods.co.uk/collections/kenya,B
Niyis African Supermarket,shop,East African (confirmed),Akabanga pepper oil 100 ml; otherwise Nigerian/Ghanaian range,,UK (online),,niyis.co.uk,,,Online,verified-search,https://niyis.co.uk/products/akabanga-pepper-oil-100ml,B
Shop Motherland,shop,East African (confirmed),Akabanga chilli oil,,UK (online),,shop-motherland.co.uk,,,Online,verified-search,https://shop-motherland.co.uk/product-details/573/akabanga-chilli-oil,B
Made in Rwanda UK,shop,East African (confirmed),Akabanga chilli oil 20 ml twin pack and 100 ml; Rwandan products,,UK (online),,madeinrwanda.co.uk,,,Niche Rwandan online shop,verified-search,https://madeinrwanda.co.uk/shop/ols/products/akabanga-chilli-oil-20ml,B
One Stop Chilli Shop,shop,East African (confirmed),"Akabanga chilli oil 20 ml and 100 ml (Sina Gerard, Rwanda)",,UK (online),,onestopchillishop.co.uk,,,Chilli-enthusiast retailer; Pocket Rocket's benchmark competitor - also a prospect for Akabanga supply,verified-search,https://onestopchillishop.co.uk/products/akabanga-chilli-oil-or-100ml-or-sina-rwanda,B
Alphanso Foods,shop,East African (confirmed),Royco Mchuzi Mix spicy beef 200 g and 500 g,,UK (online),,alphansofoods.co.uk,,,Online,verified-search,https://alphansofoods.co.uk/product/royco-mchuzi-mix-spicy-beef-flavour-200g-500g/,B
Surulere Foods,shop,East African (confirmed),"Royco Mchuzi Mix beef 200 g and 500 g, sold as 'East African seasoning'",,UK (online),,surulerefoods.com,,,Online,verified-search,https://www.surulerefoods.com/products/royco-mchuzi-mix-beef-original-500g,B
Veena's,shop,East African (confirmed),Dedicated Tropical Heat (Kenyan snacks and spices) collection,,UK (online),,veenas.com,,,Established online world-foods grocer,verified-search,https://veenas.com/collections/tropical-heat,B
Swahili Market,shop,East African (confirmed),"Royco Mchuzi Mix (beef, chicken, tomato, ginger & garlic) 'from Kenya'",,Unconfirmed,,swahilimarket.com,,,Online,verified-search,https://swahilimarket.com/index.php/product/royco-mchuzi-mix/,B
Ugafood,shop,East African (confirmed),Ugandan food per page name; stock not seen,,London,,facebook.com/ugafood,,,Unknown,verified-search,https://www.facebook.com/ugafood/,B
Taste Kenya,shop,East African (confirmed),Kenyan food per page name; stock not seen,,Manchester,,facebook.com/TasteKenyaUk,,,Unknown,verified-search,https://www.facebook.com/TasteKenyaUk/,B
Global African Ltd,shop,East African (confirmed),"West, East and Central African products; explicitly serves Kenyan and Somali communities",,Manchester,,,,,Walk-in grocer,directory-only,https://afroko.co.uk/top-10-african-shops-in-the-uk-to-visit-in-2026-a-regional-guide-to-authentic-afro-caribbean-groceries/,B
Grace African Shop,shop,East African (confirmed),"Nigeria, Ghana, Cameroon and East Africa ranges; fufu, yam, gari, African fish",,Glasgow,,,,,Walk-in grocer,directory-only,https://afroko.co.uk/top-10-african-shops-in-the-uk-to-visit-in-2026-a-regional-guide-to-authentic-afro-caribbean-groceries/,B
Umrah Supermarket,shop,African grocer (EA unconfirmed),Surfaced in a Somali-supermarket search; East African stock not confirmed,,Leicester,,umrahsupermarket.co.uk,,,Walk-in supermarket,verified-search,https://www.umrahsupermarket.co.uk/,C
Salaama Shopping Centre,shop,African grocer (EA unconfirmed),Somali-run traders; individual stalls and stock not confirmed,,Birmingham,,facebook.com/midlandshoppingcentre,,,Multiple small traders,verified-search,https://www.facebook.com/midlandshoppingcentre/,C
Moston Superstore,shop,African grocer (EA unconfirmed),Multicultural superstore with African and Caribbean sections,Moston,Manchester,,,,,Walk-in,directory-only,https://afroko.co.uk/top-10-african-shops-in-the-uk-to-visit-in-2026-a-regional-guide-to-authentic-afro-caribbean-groceries/,C
Revolutions Heritage African Supermarket,shop,African grocer (EA unconfirmed),"African spices, grains, frozen fish, beauty, clothing",,Glasgow,,,,,Walk-in,directory-only,https://afroko.co.uk/top-10-african-shops-in-the-uk-to-visit-in-2026-a-regional-guide-to-authentic-afro-caribbean-groceries/,C
Kumasi Market,shop,African grocer (EA unconfirmed),"Ghanaian focus: yam, plantain, kontomire, smoked fish, spices",,London,,,,,Walk-in,directory-only,https://afroko.co.uk/top-10-african-shops-in-the-uk-to-visit-in-2026-a-regional-guide-to-authentic-afro-caribbean-groceries/,C
Eden Store,shop,African grocer (EA unconfirmed),"West African and Caribbean groceries, frozen meat, gari, suya pepper",,London,,,,,Walk-in,directory-only,https://afroko.co.uk/top-10-african-shops-in-the-uk-to-visit-in-2026-a-regional-guide-to-authentic-afro-caribbean-groceries/,C
JB Supplies,shop,African grocer (EA unconfirmed),"Fufu flour, gari, plantain chips, yam, palm oil, spices, African drinks",,Preston,,,,,Walk-in,directory-only,https://afroko.co.uk/top-10-african-shops-in-the-uk-to-visit-in-2026-a-regional-guide-to-authentic-afro-caribbean-groceries/,C
Cape Market Oguaa,shop,African grocer (EA unconfirmed),"Ghanaian staples: banku mix, fufu flour, tilapia, palm oil, shito",,Birmingham,,,,,Walk-in,directory-only,https://afroko.co.uk/top-10-african-shops-in-the-uk-to-visit-in-2026-a-regional-guide-to-authentic-afro-caribbean-groceries/,C
Red & Greens Africana Food Store,shop,African grocer (EA unconfirmed),African grocery (directory listing),,Bradford,,,,,Walk-in,directory-only,https://afroko.co.uk/listing/african-caribbean-shops/bradford/red-greens-africana-food-store/,C
Maranatha Africa Market,shop,African grocer (EA unconfirmed),African food store (directory listing),,Leeds,,,,,Walk-in,directory-only,https://afroko.co.uk/listing/african-caribbean-shops/leeds/maranatha-africa-market/,C
Kennores Trading,shop,African grocer (EA unconfirmed),"'UK's No.1 trusted African food shop, Leeds' (own site title)",,Leeds,,kennorestrading.co.uk,,,Walk-in + online,verified-search,https://kennorestrading.co.uk,C
African Grocers Ltd,shop,African grocer (EA unconfirmed),African food store (directory listing),,Manchester,,,,,Walk-in,directory-only,https://afroko.co.uk/listing/african-caribbean-shops/manchester/african-grocers-ltd/,C
Best & Less AFRO Supermarket,shop,African grocer (EA unconfirmed),African grocery (directory listing),,Reading,,,,,Walk-in,directory-only,https://afroko.co.uk/listing/african-caribbean-shops/reading/best-less-afro-supermarket-afro-shop/,C
CC Continental Supermarkets,shop,African grocer (EA unconfirmed),'Leeds No.1 Afro-Caribbean superstore' (own site title),,Leeds,,cccontinental.com,,,Walk-in + online,verified-search,https://cccontinental.com/,C
Afrobuy,shop,African grocer (EA unconfirmed),"African staples, yam flour, spices, Afro-Caribbean",,UK (online),,afrobuy.co.uk,,,Online,directory-only,https://4wayfoods.com/top-12-african-supermarkets-grocers-uk/,C
Ogbongeh African Food Supermarket,shop,African grocer (EA unconfirmed),"West African: egusi, fufu flour, dried fish, pepper sauces",,UK (online),,ogbongeh.com,,,Online,directory-only,https://4wayfoods.com/top-12-african-supermarkets-grocers-uk/,C
Wosiwosi,shop,African grocer (EA unconfirmed),"African foods, Supermalt, natural oils, skincare",,UK (online),,wosiwosi.co.uk,,,Online,directory-only,https://4wayfoods.com/top-12-african-supermarkets-grocers-uk/,C
Doa Foods,shop,African grocer (EA unconfirmed),"West African: garri, yam flour, palm oil, spices",,UK (online),,doafoods.co.uk,,,Online,directory-only,https://4wayfoods.com/top-12-african-supermarkets-grocers-uk/,C
John and Biola,shop,African grocer (EA unconfirmed),"Nigerian ingredients, fresh meats",,UK (online),,johnandbiola.co.uk,,,Online,directory-only,https://4wayfoods.com/top-12-african-supermarkets-grocers-uk/,C
Afropride,shop,African grocer (EA unconfirmed),"African groceries, hair care, Afro-Caribbean products",,UK (online),,afropride.co.uk,,,Online,directory-only,https://4wayfoods.com/top-12-african-supermarkets-grocers-uk/,C
Connect Bar and Restaurant,restaurant,Kenyan,"Self-described 'best place in North London for authentic East African / Kenyan food'; samaki choma; bar so also a Tusker, tea and soft-drink account","71 Turnpike Lane, Hornsey",London,N8 0EE,connectbarandrestaurant.com,"020 8812 7526 (as printed on site - looks mistyped, check)",,Restaurant + bar,verified,https://connectbarandrestaurant.com/,A
Kenya Kitchen,restaurant,Kenyan,"Nyama choma, goat ribs, tilapia, ugali, sukuma wiki, chapati, mogo chips, kachumbari, githeri, samosas; on Uber Eats and Deliveroo; open Tue-Sun","135 Deans Lane, Edgware",London,HA8 9NY,ubereats.com/gb/store/kenya-kitchen,+44 7729 204441 (TripAdvisor listing),,Restaurant / takeaway,verified,https://www.tripadvisor.com/Restaurant_Review-g186338-d19590106-Reviews-Kenya_Kitchen-London_England.html,A
Jambo Restaurant (Uganda Community Relief Association),restaurant,Ugandan (also Tanzanian dishes),"Binyebwa groundnut sauce, tilapia with ugali, matooke, chapati, goat curry; run under UCRA so doubles as a community channel","126 West Green Road, Tottenham",London,N15 5AA,jambo-ucra.org.uk,,,Restaurant + community association,verified,https://www.thefork.co.uk/restaurant/jambo-zamsareh-restaurant-london-r806162/menu,A
Exceline,restaurant,Ugandan,"Goat muchomo, tilapia stew, matoke; all-you-can-eat Ugandan buffet - steady bulk spice use","529 High Road, Leytonstone",London,E11 4PB,,,,Restaurant (buffet),directory-only,https://www.timeout.com/london/restaurants/best-ethiopian-and-east-african-restaurants-in-london,B
Mwendo Kasi London,restaurant,Swahili / Zanzibari,"Lamb mishkaki, Swahili biryani; Zanzibari menu (pilau masala, tamarind, chilli)",Royal Victoria Dock,London,E16 1AL,instagram.com/mwendo_kasi_london,,,Restaurant,verified,https://www.instagram.com/mwendo_kasi_london/,A
Maandeeq,restaurant,Somali + Tanzanian,"Beef suqaar, mixed platters with rice and pasta; Somali-Tanzanian menu so a pilau/biryani spice buyer","13b Anglesea Road, Woolwich",London,SE18 6EG,,,,Restaurant,directory-only,https://www.timeout.com/london/restaurants/best-ethiopian-and-east-african-restaurants-in-london,B
Jikoni (Ravinder Bhogal),restaurant,Kenyan-Indian fusion,Kuku paka coconut chicken curry; chef-led premium venue - a showcase/PR account rather than volume,"19-21 Blandford Street, Marylebone",London,W1U 3DH,,,,Restaurant (upmarket),directory-only,https://www.timeout.com/london/restaurants/best-ethiopian-and-east-african-restaurants-in-london,B
The Regency Club,restaurant,Indo-Kenyan (East African Asian),"Mishkaki, chilli mogo, makai curry, chicken pili pili; est. 1991; East African Asian clientele (core buyers of pili pili, Peptang, Tropical Heat)",Queensbury,London,,regencyclub.co.uk,,,Restaurant / members club,directory-only,https://hyphenonline.com/2026/01/27/swahili-coast-east-african-indian-food-fusion-dar-es-salaam-london/,B
Kadiri's,restaurant,Mixed East African,Cited by Hyphen (Sep 2024) as a London mishkaki specialist,North-west London,London,,kadiris.com,,,Restaurant (mishkaki grill),directory-only,https://hyphenonline.com/2024/09/24/mishkaki-kebab-street-food-london/,B
The Hubb Restaurant,restaurant,Mixed East African,"Mishkaki specialist in the West London East African Asian belt (Hyphen, Sep 2024)",Hillingdon,London,,thehubbrestaurant.co.uk,,,Restaurant (mishkaki grill),directory-only,https://hyphenonline.com/2024/09/24/mishkaki-kebab-street-food-london/,B
Karibuni Zanzibar Hot Style,restaurant,Tanzanian / Swahili,"Mandazi, chapati, nyama choma, BBQ mix, tamarind juice; trading since at least 2021, cited again Sep 2024",Barking Market (near the station),London (Barking),,,,,Market stall / food truck,directory-only,https://hyphenonline.com/2024/09/24/mishkaki-kebab-street-food-london/,B
Mamboz BBQ,restaurant,Mixed East African (Swahili-coast BBQ),"Mishkaki (approx. 20 kg a day per Hyphen 2024), biryani, grilled sekela chicken - highest-volume marinade/spice user found",Barking Market,London (Barking),,zmenu.com/mamboz-bbq-barking-uk-online-menu/,,,Market stall / food truck,directory-only,https://hyphenonline.com/2024/09/24/mishkaki-kebab-street-food-london/,B
King of BBQ,restaurant,Mixed East African (mishkaki),"Event caterer specialising in mishkaki (Hyphen, Sep 2024)",Chingford,London,,instagram.com/kingofbbq_,,,Caterer,directory-only,https://hyphenonline.com/2024/09/24/mishkaki-kebab-street-food-london/,B
Sabiib Somali Restaurant,restaurant,Somali (adjacent),"Slow-cooked lamb haniid, Somali flatbread; Time Out's best East African restaurant in London (Apr 2025); two sites = central purchasing","139 High Street, Acton; also Green Lanes, Manor House",London,W3 6LX,sabiibrestaurant.com,,,Restaurant (2 sites),verified,https://www.sabiibrestaurant.com/,A
Al Kahf,restaurant,Somali (adjacent),Biryani and meat-feast platters; Whitechapel Somali cluster,"112-116 Vine Court, Whitechapel",London,E1 1JE,alkahf.co.uk,,,Restaurant,verified,https://alkahf.co.uk/,A
Janna Cafe,restaurant,Somali (adjacent),Slow-cooked lamb haniid; small Somali cafe,"48 Fieldgate Street, Whitechapel",London,E1 1ES,,,,Cafe,directory-only,https://www.timeout.com/london/restaurants/best-ethiopian-and-east-african-restaurants-in-london,B
The Village Somali Restaurant,restaurant,Somali (adjacent),"Lamb haniid, Somali spaghetti; reviews continue into 2026","95 Fulham Palace Road, Hammersmith",London,W6 8JA,instagram.com/villageldn,,,Restaurant,verified,https://www.tripadvisor.co.uk/Restaurant_Review-g186338-d3891299-Reviews-The_Village_Somali_Restaurant-London_England.html,A
Savannah East African Restaurant,restaurant,Somali (adjacent),"Lamb shoulder, chicken suqaar; trades as 'East African Restaurant / Somali Food'","105 Uxbridge Road, Shepherd's Bush",London,W12 8NL,,,,Restaurant,directory-only,https://www.timeout.com/london/restaurants/best-ethiopian-and-east-african-restaurants-in-london,B
Kenyan Spice Kitchen,restaurant,Kenyan,"Mandazi, bhajia and 'authentic Kenyan home-cooked meals'",19 Midway Road,Leicester,LE5 5TP,kenyaspicekitchenleicester.uk,+44 7546 206944 (directory listing),,Takeaway (with seating),directory-only,https://afroko.co.uk/listing/african-restaurants/leicester/kenyan-spice-kitchen/,B
Swahili Kitchen,restaurant,Swahili (Tanzanian-Kenyan),Mishkaki vendor cited by Hyphen (Sep 2024),,Leicester,,instagram.com/swahili_kitchen,,,Takeaway / caterer,directory-only,https://hyphenonline.com/2024/09/24/mishkaki-kebab-street-food-london/,B
Barbeque House UK,restaurant,Mixed East African (mishkaki),Mishkaki vendor cited by Hyphen (Sep 2024),,Birmingham,,facebook.com/barbequehouseUK,,,Takeaway / grill,directory-only,https://hyphenonline.com/2024/09/24/mishkaki-kebab-street-food-london/,B
Salama Somali and Yemeni Restaurant,restaurant,Somali (adjacent),Somali/Yemeni rice and meat dishes; on Just Eat; FSA-rated,"479 Coventry Road, Small Heath",Birmingham,,,,,Restaurant,verified,https://www.just-eat.co.uk/restaurants-salama-somali-and-yemeni-restaurant-birmingham/menu,A
Bahar Cafe,restaurant,Somali (adjacent),Somali cafe featured by Manchester food creators (2025),"308 Claremont Road, Moss Side",Manchester,,,,,Cafe / restaurant,directory-only,https://www.tiktok.com/@liammarleyeats/video/7458687590368169248,B
Jikoni East Africa,restaurant,"Mixed East African (Kenyan, Tanzanian, Somali, Ethiopian)","Flatbreads, grills, salads; event catering incl. BBQ lunches and a street-food gazebo; on Deliveroo/Uber Eats; grew from West Country pop-ups","The Station, Silver Street",Bristol,BS1 2AG,jikonieastafrica.co.uk,07966 373968,Jikoni_uk@yahoo.com,Restaurant + caterer,verified,https://jikonieastafrica.co.uk/,A
Nyama Choma - Grilled Meat (African catering),restaurant,Kenyan / mixed East African,Event catering listing (nyama choma); enquire via the listing,,Greater Manchester,,addtoevent.co.uk/nyama-choma-grilled-meat,,,Caterer,directory-only,https://www.addtoevent.co.uk/nyama-choma-grilled-meat,B
Nyama Choma (street-food trader),restaurant,Kenyan,"Grilled goat nyama choma; only source is 2018 - may no longer trade, verify first",Nottingham Street Food Club,Nottingham,,,,,Market stall,directory-only,https://thenottinghamfoodblog.com/2018/04/27/grilled-goat-from-nyama-choma-at-nottingham-street-food-club/,B
Haraf East African and Mediterranean,restaurant,Mixed East African (likely Somali/Yemeni - confirm),Reviewed by The Plate Licked Clean; Grangetown/Butetown is Cardiff's Somali quarter,Grangetown,Cardiff,,,,,Restaurant,directory-only,https://www.theplatelickedclean.co.uk/harafs-grangetown-review,B
Selam East African Restaurant,restaurant,Adjacent (Horn of Africa - confirm),Self-styled East African restaurant on Facebook,,Birmingham,,facebook.com/esutek2,,,Restaurant,verified,https://www.facebook.com/esutek2/,C
Adulis,restaurant,Adjacent (Eritrean),"Tsebhi stews, injera, clay-pan lamb; three sites = multi-site purchaser",44-46 Brixton Road; also Oval and Clapham Junction,London,SW9 6BT,adulis.co.uk,,,Restaurant (3 sites),directory-only,https://www.timeout.com/london/restaurants/best-ethiopian-and-east-african-restaurants-in-london,C
Delina,restaurant,Adjacent (Ethiopian/Eritrean),Wot curries and tibs; inside Shepherd's Bush Market next to Savannah,"Arch 176, Shepherd's Bush Market",London,W12 8DF,,,,Restaurant,directory-only,https://www.timeout.com/london/restaurants/best-ethiopian-and-east-african-restaurants-in-london,C
Addis,restaurant,Adjacent (Ethiopian),"Kitfo, homemade injera","40-42 Caledonian Road, King's Cross",London,N1 9DT,,,,Restaurant,directory-only,https://www.timeout.com/london/restaurants/best-ethiopian-and-east-african-restaurants-in-london,C
Zeret Kitchen,restaurant,Adjacent (Ethiopian),"Lamb tibs, beef wot, vegan combinations",216-218 Camberwell Road,London,SE5 0ED,,,,Restaurant,directory-only,https://www.timeout.com/london/restaurants/best-ethiopian-and-east-african-restaurants-in-london,C
Wolkite,restaurant,Adjacent (Ethiopian),Doro wot and seasonal specials,"82 Hornsey Road, Upper Holloway",London,N7 7NN,,,,Restaurant,directory-only,https://www.timeout.com/london/restaurants/best-ethiopian-and-east-african-restaurants-in-london,C
Lalibela,restaurant,Adjacent (Ethiopian),"Doro wot, minchetabesh","137 Fortress Road, Tufnell Park",London,NW5 2HR,,,,Restaurant,directory-only,https://www.timeout.com/london/restaurants/best-ethiopian-and-east-african-restaurants-in-london,C
Paradise Bar & Restaurant,restaurant,Adjacent (Eritrean/Ethiopian),"Derho chicken stew, tibsi grilled meats","10 Arnside Street, Walworth",London,SE17 2AP,,,,Restaurant,directory-only,https://www.timeout.com/london/restaurants/best-ethiopian-and-east-african-restaurants-in-london,C
Laza,restaurant,Adjacent (Eritrean),"Assa qulwa cod, zigni begie lamb stew",41 Newington Green Road,London,N1 4QT,,,,Restaurant,directory-only,https://www.timeout.com/london/restaurants/best-ethiopian-and-east-african-restaurants-in-london,C
Beza,restaurant,Adjacent (Ethiopian),Lentil stews and vegetable dishes,"8A Sayer Street, Elephant & Castle",London,SE17 1FH,,,,Restaurant (vegan),directory-only,https://www.timeout.com/london/restaurants/best-ethiopian-and-east-african-restaurants-in-london,C
Queen of Sheba,restaurant,Adjacent (Ethiopian),Traditional Ethiopian fare,Kentish Town,London,,thequeenofsheba.co.uk,,,Restaurant,directory-only,https://www.okayafrica.com/diaspora-eats-10-african-restaurants-in-london/,C
Kenya Society UK,community,Kenyan,"Long-running diaspora society; annual luncheon and AGM; sponsorship, sampling and member offers",,"Wembley, London",HA0 2LR,kenyasociety.org,,info@kenyasociety.org,Community association,verified,https://www.kenyasociety.org/,B
Uganda Community Relief Association (UCRA),community,Ugandan,Community events and a working restaurant - one relationship covers both,,"Tottenham, London",N15 5AA,jambo-ucra.org.uk,,,Community association (runs Jambo Restaurant),verified,https://www.jambo-ucra.org.uk/,B
NARC-UK (National Association of Rwandan Communities in the UK),community,Rwandan,Umbrella for Rwandan associations; monthly Umuhuza newsletter; entrepreneurship programmes; direct route to Akabanga buyers and diaspora events,,Plymouth (national),PL1 4NL,narcuk.org,,,Umbrella association,verified,https://narcuk.org/,B
Tanzania Diaspora Community in the UK (TZUK),community,Tanzanian,Publishes a list of member groups (tzuk.org.uk/all-groups) - find event organisers and caterers,,UK-wide,,tzuk.org.uk,,,Community association,verified,https://tzuk.org.uk/all-groups/,B
TanzaniaLink,community,Tanzanian,Directory of Tanzanian groups and UK events,,UK-wide,,tanzanialink.co.uk,,,Community and events directory,verified,https://tanzanialink.co.uk/events,B
Tanzania UK Diaspora,community,Tanzanian,Announcements and event listings,,London,,facebook.com/tanzaniauk,,,Facebook community page,verified,https://www.facebook.com/tanzaniauk/,B
Kenyan Community UK,community,Kenyan,Trade announcements; locating home caterers,,UK-wide,,facebook.com/groups/1645919119062695,,,Public Facebook group,verified,https://www.facebook.com/groups/1645919119062695/,B
Kenyans in the UK (Facebook group),community,Kenyan,Members crowdsource which UK shops stock Kenyan food - a lead source for shops,,UK-wide,,facebook.com/groups/kenyasintheuk,,,Public Facebook group,verified,https://www.facebook.com/groups/kenyasintheuk/posts/806473612819389/,B
AfriDiaspora Market directory,community,All,"Filters shops by Kenyan, Somali and Ugandan community; clusters in Peckham, Dalston, Tottenham, Brixton, Croydon, Woolwich, Lewisham, Hackney",,London focus,,afridiasporamarket.com,,,Online directory (lead source),verified,https://afridiasporamarket.com/stores/in/london,B
Afroko directory,community,All,Regional lists of African shops and restaurants per city,,UK-wide,,afroko.co.uk,,,Online directory (lead source),verified,https://afroko.co.uk/,B
REKKI wholesaler directory,community,All,Lists African food wholesalers used by London restaurants,,London,,rekki.com,,,Restaurant-ordering app directory (lead source),verified,https://rekki.com/food-wholesalers/gb/london/african,B
